Iterations,MAE,RMSE,MAPE,MSE,input_window_size,horizon,stride
0,4959.350013195571,5849.57882901307,21.5579674229054,34217572.476837926,12,6,5
