Iterations,MAE,RMSE,MAPE,MSE,input_window_size,horizon,stride
0,5830.216975737756,8162.89222054621,22.340399366181902,66632809.40425384,6,12,8
