Iterations,MAE,RMSE,MAPE,MSE,input_window_size,horizon,stride
0,4936.804752604167,6262.3824060580955,21.496900774044096,39217433.39970598,12,6,5
