Iterations,MAE,RMSE,MAPE,MSE,input_window_size,horizon,stride
0,6767.775013020833,8383.847158967596,27.13430792557307,70288893.18492901,6,12,8
