Iterations,MAE,RMSE,MAPE,MSE,input_window_size,horizon,stride
0,2415.7985246484936,3272.1552736715134,10.022410594213586,10707000.135016298,6,12,5
