Iterations,MAE,RMSE,MAPE,MSE,input_window_size,horizon,stride
0,2543.4638856469987,2758.7905196275924,11.335480173253899,7610925.131187081,12,6,8
