Iterations,MAE,RMSE,MAPE,MSE,input_window_size,horizon,stride
0,27650.073007103787,32882.30763497936,125.20487078039062,1081246155.4014223,6,12,8
