Iterations,MAE,RMSE,MAPE,MSE,input_window_size,horizon,stride
0,10310.593831133398,13365.640665581035,44.40590202935344,178640350.40143344,12,6,8
